Node 422, Node 213, 92
Node 995, Node 701, 39
Node 754, Node 757, 19
Node 750, Node 685, 13
Node 711, Node 550, 24
Node 420, Node 176, 67
Node 397, Node 740, 93
Node 541, Node 129, 15
Node 102, Node 223, 66
Node 969, Node 273, 68
Node 871, Node 374, 49
Node 339, Node 770, 96
Node 612, Node 673, 56
Node 387, Node 310, 30
Node 710, Node 48, 49
Node 78, Node 824, 44
Node 809, Node 187, 49
Node 506, Node 22, 29
Node 264, Node 235, 72
Node 240, Node 631, 30
Node 189, Node 477, 90
Node 958, Node 121, 27
Node 491, Node 686, 12
Node 415, Node 854, 40
Node 637, Node 829, 60
Node 377, Node 742, 44
Node 896, Node 608, 56
Node 657, Node 719, 31
Node 941, Node 465, 77
Node 195, Node 226, 72
Node 356, Node 487, 81
Node 4, Node 607, 0
Node 563, Node 138, 31
Node 933, Node 562, 58
Node 863, Node 586, 53
Node 97, Node 18, 90
Node 614, Node 161, 66
Node 131, Node 846, 59
Node 474, Node 764, 31
Node 234, Node 620, 69
Node 183, Node 109, 46
Node 901, Node 464, 27
Node 582, Node 563, 7
Node 708, Node 411, 26
Node 424, Node 766, 34
Node 465, Node 813, 53
Node 117, Node 193, 37
Node 175, Node 368, 21
Node 727, Node 381, 54
Node 684, Node 25, 59
Node 210, Node 778, 12
Node 400, Node 944, 25
Node 523, Node 486, 61
Node 12, Node 964, 50
Node 746, Node 221, 38
Node 489, Node 813, 7
Node 445, Node 353, 11
Node 603, Node 133, 70
Node 216, Node 495, 73
Node 618, Node 891, 23
Node 892, Node 731, 11
Node 133, Node 97, 22
Node 457, Node 118, 29
Node 157, Node 40, 34
Node 403, Node 826, 30
Node 140, Node 526, 11
Node 946, Node 703, 89
Node 305, Node 170, 65
Node 450, Node 227, 37
Node 107, Node 714, 91
Node 307, Node 705, 65
Node 862, Node 463, 52
Node 280, Node 772, 31
Node 103, Node 570, 52
Node 59, Node 599, 41
Node 292, Node 419, 18
Node 414, Node 480, 38
Node 417, Node 740, 45
Node 790, Node 574, 72
Node 237, Node 943, 31
Node 740, Node 740, 24
Node 792, Node 271, 11
Node 985, Node 255, 90
Node 44, Node 355, 98
Node 805, Node 361, 55
Node 774, Node 468, 39
Node 368, Node 945, 36
Node 921, Node 911, 59
Node 56, Node 674, 52
Node 6, Node 464, 54
Node 306, Node 755, 92
Node 664, Node 425, 33
Node 567, Node 764, 87
Node 220, Node 18, 60
Node 574, Node 408, 85
Node 950, Node 478, 22
Node 457, Node 151, 62
Node 278, Node 222, 58
Node 95, Node 297, 87
Node 19, Node 514, 23
Node 305, Node 780, 2
Node 635, Node 641, 34
Node 961, Node 20, 19
Node 538, Node 249, 22
Node 439, Node 473, 4
Node 611, Node 169, 67
Node 109, Node 285, 85
Node 138, Node 878, 12
Node 375, Node 340, 43
Node 373, Node 919, 14
Node 223, Node 567, 33
Node 208, Node 901, 72
Node 312, Node 824, 18
Node 365, Node 117, 68
Node 24, Node 806, 12
Node 86, Node 711, 90
Node 278, Node 407, 73
Node 166, Node 345, 14
Node 767, Node 848, 43
Node 378, Node 697, 75
Node 169, Node 282, 17
Node 523, Node 887, 43
Node 195, Node 248, 31
Node 726, Node 963, 75
Node 474, Node 649, 37
Node 326, Node 328, 11
Node 300, Node 913, 20
Node 266, Node 768, 9
Node 686, Node 787, 54
Node 719, Node 461, 61
Node 219, Node 794, 59
Node 285, Node 669, 53
Node 860, Node 259, 83
Node 0, Node 581, 79
Node 651, Node 824, 90
Node 850, Node 34, 27
Node 321, Node 28, 23
Node 295, Node 329, 88
Node 493, Node 505, 41
Node 883, Node 979, 92
Node 179, Node 790, 29
Node 451, Node 155, 92
Node 952, Node 258, 93
Node 967, Node 728, 14
Node 515, Node 497, 3
Node 583, Node 986, 11
Node 365, Node 239, 2
Node 138, Node 829, 30
Node 660, Node 590, 97
Node 414, Node 282, 2
Node 523, Node 464, 99
Node 427, Node 624, 54
Node 240, Node 60, 61
Node 13, Node 35, 69
Node 290, Node 350, 99
Node 344, Node 140, 79
Node 308, Node 96, 72
Node 891, Node 744, 88
Node 274, Node 230, 68
Node 185, Node 662, 47
Node 172, Node 557, 73
Node 639, Node 872, 5
Node 52, Node 340, 79
Node 226, Node 492, 53
Node 360, Node 639, 85
Node 205, Node 432, 29
Node 769, Node 828, 97
Node 887, Node 752, 85
Node 322, Node 222, 1
Node 680, Node 180, 53
Node 503, Node 65, 5
Node 437, Node 213, 98
Node 224, Node 530, 51
Node 959, Node 413, 14
Node 556, Node 96, 5
Node 7, Node 888, 71
Node 341, Node 513, 80
Node 790, Node 827, 4
Node 270, Node 13, 30
Node 821, Node 113, 37
Node 173, Node 110, 22
Node 234, Node 916, 77
Node 488, Node 115, 13
Node 602, Node 69, 83
Node 178, Node 431, 93
Node 534, Node 980, 26
Node 917, Node 907, 49
Node 524, Node 288, 33
Node 899, Node 413, 33
Node 178, Node 840, 10
Node 225, Node 636, 61
Node 508, Node 210, 62
Node 336, Node 472, 97
Node 439, Node 642, 44
Node 479, Node 577, 86
Node 324, Node 625, 88
Node 792, Node 625, 24
Node 104, Node 520, 94
Node 507, Node 953, 57
Node 939, Node 829, 58
Node 598, Node 714, 62
Node 708, Node 656, 46
Node 768, Node 672, 25
Node 342, Node 545, 44
Node 19, Node 719, 52
Node 103, Node 881, 73
Node 787, Node 674, 18
Node 775, Node 912, 29
Node 90, Node 322, 90
Node 132, Node 904, 11
Node 393, Node 807, 69
Node 717, Node 320, 32
Node 523, Node 670, 10
Node 565, Node 474, 24
Node 442, Node 605, 7
Node 17, Node 348, 38
Node 244, Node 442, 27
Node 566, Node 485, 94
Node 325, Node 64, 16
Node 801, Node 907, 41
Node 338, Node 112, 0
Node 681, Node 854, 82
Node 997, Node 367, 93
Node 812, Node 166, 87
Node 47, Node 893, 78
Node 884, Node 722, 88
Node 903, Node 972, 17
Node 329, Node 384, 16
Node 486, Node 526, 58
Node 982, Node 101, 3
Node 261, Node 663, 98
Node 953, Node 370, 16
Node 97, Node 115, 51
Node 38, Node 315, 44
Node 186, Node 606, 23
Node 595, Node 900, 55
Node 340, Node 40, 27
Node 242, Node 22, 37
Node 589, Node 315, 28
Node 535, Node 320, 68
Node 711, Node 498, 61
Node 623, Node 403, 20
Node 192, Node 979, 6
Node 696, Node 755, 49
Node 156, Node 544, 46
Node 970, Node 732, 46
Node 169, Node 863, 38
Node 720, Node 840, 51
Node 749, Node 426, 6
Node 142, Node 865, 17
Node 824, Node 412, 95
Node 853, Node 594, 99
Node 757, Node 804, 13
Node 992, Node 913, 34
Node 423, Node 113, 17
Node 337, Node 704, 93
Node 980, Node 152, 40
Node 539, Node 394, 51
Node 803, Node 922, 20
Node 695, Node 641, 17
Node 37, Node 229, 84
Node 102, Node 339, 44
Node 718, Node 966, 0
Node 558, Node 898, 77
Node 536, Node 422, 84
Node 866, Node 75, 59
Node 90, Node 772, 42
Node 254, Node 742, 0
Node 154, Node 975, 77
Node 194, Node 173, 82
Node 185, Node 201, 12
Node 315, Node 395, 62
Node 967, Node 908, 97
Node 203, Node 717, 72
Node 229, Node 69, 69
Node 142, Node 827, 22
Node 908, Node 199, 28
Node 504, Node 682, 37
Node 626, Node 586, 54
Node 165, Node 297, 23
Node 189, Node 50, 39
Node 597, Node 838, 7
Node 413, Node 975, 86
Node 846, Node 525, 99
Node 746, Node 714, 15
Node 978, Node 173, 52
Node 205, Node 268, 91
Node 269, Node 700, 75
Node 482, Node 822, 34
Node 939, Node 888, 81
Node 190, Node 133, 9
Node 684, Node 636, 91
Node 175, Node 8, 30
Node 289, Node 311, 91
Node 926, Node 337, 55
Node 683, Node 831, 94
Node 942, Node 800, 21
Node 804, Node 443, 76
Node 626, Node 29, 38
Node 825, Node 731, 94
Node 9, Node 458, 19
Node 458, Node 603, 89
Node 205, Node 84, 95
Node 671, Node 558, 67
Node 943, Node 55, 33
Node 733, Node 648, 72
Node 86, Node 194, 85
Node 865, Node 336, 37
Node 760, Node 59, 57
Node 541, Node 719, 67
Node 281, Node 211, 37
Node 416, Node 189, 48
Node 184, Node 955, 57
Node 634, Node 43, 39
Node 497, Node 727, 74
Node 716, Node 925, 10
Node 996, Node 341, 8
Node 4, Node 162, 72
Node 754, Node 542, 65
Node 356, Node 357, 61
Node 649, Node 87, 81
Node 142, Node 751, 3
Node 888, Node 473, 66
Node 766, Node 668, 69
Node 145, Node 498, 42
Node 66, Node 647, 28
Node 280, Node 957, 60
Node 711, Node 666, 45
Node 960, Node 773, 84
Node 408, Node 107, 15
Node 563, Node 573, 41
Node 577, Node 12, 21
Node 986, Node 928, 2
Node 219, Node 71, 45
Node 664, Node 723, 75
Node 348, Node 212, 39
Node 184, Node 701, 59
Node 843, Node 960, 28
Node 861, Node 229, 12
Node 248, Node 914, 20
Node 805, Node 845, 14
Node 195, Node 644, 93
Node 707, Node 845, 90
Node 84, Node 390, 65
Node 733, Node 372, 52
Node 380, Node 802, 54
Node 688, Node 613, 19
Node 671, Node 116, 58
Node 673, Node 5, 36
Node 844, Node 632, 70
Node 863, Node 572, 34
Node 202, Node 894, 1
Node 397, Node 771, 68
Node 805, Node 75, 55
Node 867, Node 218, 10
Node 796, Node 566, 21
Node 453, Node 286, 12
Node 769, Node 650, 67
Node 809, Node 793, 49
Node 158, Node 705, 69
Node 589, Node 405, 41
Node 490, Node 59, 6
Node 702, Node 465, 35
Node 725, Node 13, 83
Node 316, Node 736, 77
Node 698, Node 706, 7
Node 101, Node 671, 71
Node 257, Node 92, 61
Node 672, Node 507, 78
Node 391, Node 335, 44
Node 779, Node 769, 56
Node 787, Node 262, 91
Node 639, Node 695, 99
Node 486, Node 732, 37
Node 694, Node 457, 16
Node 543, Node 562, 66
Node 762, Node 420, 78
Node 648, Node 11, 97
Node 360, Node 341, 36
Node 957, Node 497, 25
Node 258, Node 643, 4
Node 886, Node 153, 34
Node 179, Node 513, 77
Node 994, Node 322, 57
Node 869, Node 41, 98
Node 16, Node 490, 80
Node 257, Node 104, 73
Node 343, Node 19, 44
Node 993, Node 214, 93
Node 425, Node 16, 98
Node 949, Node 314, 95
Node 226, Node 242, 2
Node 679, Node 332, 70
Node 428, Node 581, 64
Node 675, Node 865, 74
Node 217, Node 937, 3
Node 340, Node 782, 19
Node 627, Node 353, 72
Node 792, Node 424, 90
Node 108, Node 329, 45
Node 235, Node 765, 36
Node 206, Node 591, 38
Node 296, Node 722, 76
Node 865, Node 265, 47
Node 784, Node 180, 14
Node 779, Node 353, 23
Node 966, Node 843, 61
Node 70, Node 500, 73
Node 419, Node 212, 86
Node 182, Node 575, 7
Node 803, Node 975, 50
Node 865, Node 764, 64
Node 681, Node 559, 35
Node 251, Node 815, 43
Node 890, Node 520, 37
Node 150, Node 962, 77
Node 597, Node 551, 15
Node 964, Node 806, 17
Node 482, Node 952, 14
Node 480, Node 647, 14
Node 605, Node 546, 84
Node 423, Node 188, 29
Node 898, Node 632, 3
Node 159, Node 177, 53
Node 334, Node 313, 72
Node 624, Node 168, 97
Node 568, Node 478, 54
Node 885, Node 664, 23
Node 401, Node 153, 64
Node 236, Node 639, 62
Node 758, Node 865, 91
Node 679, Node 609, 19
Node 957, Node 552, 61
Node 963, Node 597, 53
Node 985, Node 36, 65
Node 959, Node 794, 46
Node 745, Node 613, 14
Node 777, Node 884, 11
Node 848, Node 111, 38
Node 657, Node 412, 29
Node 692, Node 917, 77
Node 852, Node 789, 4
Node 880, Node 121, 12
Node 957, Node 893, 29
Node 582, Node 457, 80
Node 222, Node 698, 23
Node 519, Node 499, 97
Node 439, Node 138, 99
Node 762, Node 334, 96
Node 740, Node 858, 84
Node 209, Node 14, 22
Node 902, Node 550, 92
Node 356, Node 200, 21
Node 627, Node 242, 26
Node 81, Node 457, 3
Node 257, Node 584, 68
Node 921, Node 725, 8
Node 391, Node 398, 92
Node 794, Node 55, 4
Node 183, Node 928, 8
Node 75, Node 329, 74
Node 692, Node 539, 30
Node 271, Node 392, 34
Node 817, Node 944, 15
Node 605, Node 660, 58
Node 969, Node 5, 6
Node 957, Node 606, 60
Node 440, Node 157, 20
Node 192, Node 631, 38
Node 607, Node 141, 84
Node 9, Node 737, 62
Node 839, Node 594, 99
Node 606, Node 589, 9
Node 609, Node 430, 20
Node 460, Node 735, 60
Node 316, Node 897, 1
Node 513, Node 107, 38
Node 250, Node 53, 84
Node 358, Node 490, 87
Node 692, Node 423, 26
Node 302, Node 836, 55
Node 387, Node 580, 49
Node 163, Node 951, 11
Node 965, Node 977, 33
Node 219, Node 120, 8
Node 17, Node 103, 64
Node 224, Node 164, 77
Node 739, Node 567, 40
Node 49, Node 497, 21
Node 829, Node 369, 3
Node 472, Node 400, 19
Node 83, Node 865, 17
Node 51, Node 398, 97
Node 304, Node 770, 47
Node 651, Node 153, 35
Node 798, Node 705, 63
Node 325, Node 943, 84
Node 224, Node 285, 10
Node 473, Node 313, 14
Node 98, Node 176, 80
Node 591, Node 880, 4
Node 31, Node 88, 52
Node 393, Node 141, 88
Node 583, Node 442, 40
Node 104, Node 789, 80
Node 454, Node 182, 81
Node 762, Node 630, 17
Node 619, Node 227, 52
Node 178, Node 477, 67
Node 501, Node 137, 55
Node 390, Node 194, 45
Node 13, Node 494, 10
Node 487, Node 174, 51
Node 113, Node 216, 91
Node 118, Node 956, 18
Node 524, Node 371, 51
Node 124, Node 797, 49
Node 294, Node 140, 23
Node 217, Node 622, 15
Node 152, Node 868, 53
Node 304, Node 36, 49
Node 750, Node 161, 38
Node 992, Node 212, 32
Node 310, Node 432, 11
Node 414, Node 539, 91
Node 802, Node 275, 65
Node 297, Node 766, 54
Node 237, Node 695, 84
Node 960, Node 758, 16
Node 138, Node 27, 91
Node 930, Node 895, 30
Node 356, Node 35, 62
Node 998, Node 164, 10
Node 980, Node 924, 2
Node 962, Node 475, 3
Node 51, Node 323, 91
Node 588, Node 689, 56
Node 836, Node 905, 18
Node 68, Node 167, 32
Node 50, Node 512, 3
Node 805, Node 156, 78
Node 819, Node 182, 50
Node 219, Node 223, 44
Node 227, Node 518, 74
Node 146, Node 783, 77
Node 286, Node 392, 26
Node 661, Node 853, 25
Node 846, Node 791, 2
Node 292, Node 907, 31
Node 151, Node 433, 64
Node 700, Node 889, 18
Node 745, Node 730, 48
Node 318, Node 447, 68
Node 100, Node 378, 42
Node 715, Node 282, 11
Node 268, Node 97, 32
Node 507, Node 889, 48
Node 98, Node 365, 9
Node 820, Node 220, 84
Node 31, Node 136, 57
Node 139, Node 262, 72
Node 449, Node 184, 29
Node 257, Node 524, 98
Node 319, Node 488, 66
Node 31, Node 960, 58
Node 913, Node 100, 74
Node 12, Node 229, 25
Node 908, Node 486, 27
Node 414, Node 558, 75
Node 610, Node 463, 5
Node 991, Node 282, 81
Node 19, Node 516, 60
Node 825, Node 997, 48
Node 82, Node 122, 3
Node 748, Node 867, 87
Node 612, Node 268, 1
Node 970, Node 740, 72
Node 239, Node 581, 36
Node 502, Node 243, 57
Node 566, Node 202, 78
Node 380, Node 122, 25
Node 626, Node 611, 41
Node 949, Node 640, 75
Node 955, Node 658, 69
Node 147, Node 10, 45
Node 247, Node 784, 97
Node 144, Node 566, 17
Node 559, Node 265, 77
Node 453, Node 447, 93
Node 597, Node 527, 84
Node 4, Node 997, 51
Node 360, Node 35, 25
Node 190, Node 264, 15
Node 237, Node 456, 59
Node 337, Node 27, 5
Node 293, Node 328, 55
Node 878, Node 772, 89
Node 217, Node 757, 49
Node 626, Node 934, 29
Node 210, Node 572, 26
Node 934, Node 56, 90
Node 90, Node 459, 66
Node 3, Node 60, 78
Node 279, Node 145, 74
Node 881, Node 563, 95
Node 437, Node 390, 50
Node 36, Node 648, 45
Node 116, Node 210, 84
Node 291, Node 736, 71
Node 874, Node 458, 37
Node 883, Node 794, 45
Node 963, Node 625, 61
Node 499, Node 183, 5
Node 344, Node 205, 26
Node 474, Node 520, 2
Node 536, Node 416, 67
Node 742, Node 479, 35
Node 168, Node 828, 85
Node 140, Node 563, 81
Node 559, Node 423, 75
Node 802, Node 693, 75
Node 496, Node 940, 73
Node 781, Node 867, 12
Node 538, Node 918, 63
Node 638, Node 814, 62
Node 197, Node 250, 73
Node 177, Node 777, 44
Node 92, Node 283, 47
Node 469, Node 997, 88
Node 426, Node 556, 29
Node 355, Node 201, 47
Node 827, Node 641, 65
Node 241, Node 716, 22
Node 929, Node 644, 54
Node 479, Node 699, 36
Node 654, Node 270, 94
Node 292, Node 826, 42
Node 819, Node 255, 55
Node 376, Node 869, 27
Node 692, Node 857, 76
Node 903, Node 656, 43
Node 256, Node 807, 71
Node 38, Node 320, 80
Node 615, Node 172, 13
Node 821, Node 694, 45
Node 304, Node 595, 44
Node 673, Node 275, 72
Node 512, Node 519, 67
Node 375, Node 208, 80
Node 921, Node 173, 81
Node 79, Node 426, 52
Node 951, Node 724, 64
Node 78, Node 518, 34
Node 490, Node 367, 20
Node 219, Node 747, 81
Node 984, Node 986, 46
Node 525, Node 455, 98
Node 577, Node 726, 74
Node 528, Node 605, 78
Node 243, Node 750, 87
Node 83, Node 668, 16
Node 929, Node 88, 27
Node 948, Node 760, 34
Node 460, Node 102, 75
Node 565, Node 360, 34
Node 847, Node 239, 77
Node 232, Node 282, 93
Node 217, Node 703, 88
Node 605, Node 959, 10
Node 418, Node 694, 48
Node 294, Node 944, 10
Node 703, Node 682, 98
Node 928, Node 129, 34
Node 537, Node 346, 0
Node 854, Node 476, 35
Node 689, Node 209, 79
Node 256, Node 189, 48
Node 928, Node 559, 57
Node 46, Node 58, 0
Node 74, Node 781, 0
Node 667, Node 447, 63
Node 639, Node 219, 94
Node 867, Node 573, 60
Node 834, Node 738, 45
Node 20, Node 203, 83
Node 582, Node 987, 51
Node 694, Node 684, 94
Node 953, Node 966, 90
Node 612, Node 495, 37
Node 167, Node 858, 42
Node 19, Node 152, 89
Node 609, Node 678, 11
Node 429, Node 221, 21
Node 937, Node 598, 68
Node 721, Node 207, 90
Node 802, Node 789, 91
Node 152, Node 658, 35
Node 362, Node 675, 15
Node 278, Node 475, 50
Node 797, Node 572, 54
Node 274, Node 479, 46
Node 670, Node 918, 96
Node 843, Node 767, 49
Node 423, Node 127, 49
Node 337, Node 926, 55
Node 771, Node 73, 73
Node 238, Node 178, 36
Node 387, Node 508, 92
Node 966, Node 993, 89
Node 128, Node 643, 27
Node 171, Node 562, 26
Node 636, Node 971, 28
Node 693, Node 912, 9
Node 10, Node 360, 94
Node 350, Node 101, 10
Node 827, Node 656, 25
Node 552, Node 252, 92
Node 113, Node 916, 9
Node 165, Node 117, 40
Node 247, Node 62, 70
Node 225, Node 200, 37
Node 88, Node 644, 31
Node 715, Node 815, 41
Node 606, Node 87, 72
Node 439, Node 955, 18
Node 857, Node 301, 96
Node 275, Node 783, 65
Node 85, Node 918, 73
Node 593, Node 929, 60
Node 844, Node 709, 73
Node 142, Node 268, 13
Node 186, Node 932, 60
Node 694, Node 936, 39
Node 412, Node 106, 65
Node 450, Node 706, 36
Node 895, Node 621, 87
Node 910, Node 721, 71
Node 663, Node 811, 58
Node 86, Node 896, 86
Node 947, Node 382, 1
Node 112, Node 379, 99
Node 157, Node 518, 16
Node 699, Node 883, 93
Node 658, Node 375, 85
Node 734, Node 880, 8
Node 461, Node 569, 95
Node 704, Node 46, 26
Node 609, Node 714, 86
Node 920, Node 475, 79
Node 463, Node 213, 59
Node 956, Node 735, 45
Node 59, Node 566, 11
Node 86, Node 143, 91
Node 673, Node 541, 30
Node 813, Node 628, 96
Node 894, Node 861, 27
Node 238, Node 555, 60
Node 309, Node 328, 55
Node 13, Node 347, 67
Node 412, Node 455, 45
Node 805, Node 461, 97
Node 939, Node 697, 59
Node 633, Node 642, 90
Node 464, Node 115, 73
Node 669, Node 560, 24
Node 895, Node 98, 31
Node 132, Node 699, 49
Node 185, Node 192, 70
Node 820, Node 553, 35
Node 698, Node 619, 93
Node 668, Node 401, 92
Node 733, Node 933, 7
Node 404, Node 21, 73
Node 921, Node 997, 9
Node 290, Node 503, 58
Node 309, Node 902, 67
Node 873, Node 638, 60
Node 780, Node 933, 51
Node 911, Node 576, 28
Node 733, Node 602, 88
Node 942, Node 388, 38
Node 602, Node 753, 43
Node 114, Node 826, 23
Node 91, Node 694, 33
Node 226, Node 721, 6
Node 209, Node 326, 8
Node 507, Node 505, 28
Node 776, Node 599, 29
Node 914, Node 601, 87
Node 942, Node 611, 54
Node 441, Node 253, 21
Node 494, Node 882, 48
Node 493, Node 687, 46
Node 34, Node 887, 32
Node 940, Node 742, 20
Node 91, Node 616, 50
Node 322, Node 815, 44
Node 412, Node 156, 38
Node 675, Node 863, 94
Node 183, Node 41, 1
Node 727, Node 764, 95
Node 349, Node 403, 88
Node 569, Node 354, 41
Node 751, Node 599, 60
Node 406, Node 360, 8
Node 531, Node 413, 79
Node 792, Node 465, 71
Node 231, Node 566, 52
Node 949, Node 940, 44
Node 574, Node 59, 94
Node 687, Node 617, 6
Node 250, Node 424, 89
Node 139, Node 303, 60
Node 149, Node 254, 96
Node 661, Node 652, 6
Node 709, Node 150, 47
Node 975, Node 221, 35
Node 461, Node 190, 43
Node 458, Node 126, 54
Node 495, Node 937, 68
Node 819, Node 485, 91
Node 822, Node 129, 11
Node 396, Node 890, 21
Node 999, Node 594, 88
Node 979, Node 843, 20
Node 498, Node 512, 66
Node 727, Node 0, 98
Node 860, Node 402, 5
Node 584, Node 799, 79
Node 329, Node 656, 82
Node 842, Node 84, 80
Node 34, Node 915, 62
Node 808, Node 675, 1
Node 889, Node 304, 76
Node 295, Node 727, 77
Node 912, Node 297, 42
Node 107, Node 710, 70
Node 616, Node 60, 69
Node 523, Node 342, 72
Node 106, Node 860, 68
Node 628, Node 189, 82
Node 952, Node 83, 64
Node 840, Node 700, 46
Node 123, Node 162, 40
Node 712, Node 336, 86
Node 709, Node 735, 42
Node 645, Node 234, 43
Node 658, Node 402, 7
Node 381, Node 893, 23
Node 290, Node 494, 48
Node 772, Node 252, 78
Node 148, Node 493, 45
Node 47, Node 412, 94
Node 812, Node 340, 47
Node 415, Node 997, 56
Node 895, Node 11, 44
Node 105, Node 729, 77
Node 709, Node 893, 56
Node 489, Node 706, 20
Node 293, Node 390, 54
Node 427, Node 101, 59
Node 95, Node 119, 94
Node 34, Node 243, 51
Node 740, Node 418, 82
Node 716, Node 166, 63
Node 866, Node 709, 15
Node 768, Node 765, 7
Node 486, Node 157, 84
Node 438, Node 40, 57
Node 831, Node 867, 6
Node 6, Node 724, 99
Node 613, Node 954, 37
Node 651, Node 346, 48
Node 920, Node 970, 66
Node 909, Node 433, 69
Node 242, Node 473, 97
Node 612, Node 305, 8
Node 100, Node 331, 69
Node 584, Node 906, 96
Node 134, Node 981, 85
Node 663, Node 298, 36
Node 409, Node 86, 61
Node 862, Node 395, 97
Node 228, Node 339, 53
Node 602, Node 239, 18
Node 829, Node 519, 69
Node 687, Node 8, 95
Node 174, Node 325, 37
Node 203, Node 947, 62
Node 374, Node 280, 0
Node 481, Node 331, 70
Node 879, Node 951, 74
Node 694, Node 791, 17
Node 689, Node 562, 24
Node 450, Node 541, 74
Node 197, Node 0, 3
Node 744, Node 800, 87
Node 299, Node 793, 60
Node 966, Node 266, 5
Node 435, Node 566, 26
Node 77, Node 151, 97
Node 511, Node 254, 54
Node 619, Node 660, 41
Node 229, Node 965, 27
Node 681, Node 533, 13
Node 254, Node 33, 48
Node 957, Node 898, 83
Node 500, Node 260, 75
Node 859, Node 162, 73
Node 666, Node 308, 12
Node 171, Node 392, 76
Node 588, Node 88, 44
Node 739, Node 449, 88
Node 150, Node 712, 32
Node 574, Node 586, 8
Node 146, Node 202, 47
Node 689, Node 795, 42
Node 774, Node 336, 55
Node 514, Node 441, 21
Node 985, Node 592, 65
Node 757, Node 727, 32
Node 893, Node 600, 74
Node 594, Node 505, 98
Node 173, Node 81, 40
Node 966, Node 821, 44
Node 547, Node 675, 7
Node 393, Node 294, 46
Node 813, Node 817, 23
Node 108, Node 794, 12
Node 3, Node 933, 89
Node 23, Node 34, 34
Node 714, Node 72, 26
Node 869, Node 23, 60
Node 328, Node 624, 17
Node 737, Node 675, 52
Node 441, Node 120, 46
Node 69, Node 382, 95
Node 427, Node 352, 58
Node 780, Node 342, 38
Node 353, Node 203, 95
Node 451, Node 150, 73
Node 361, Node 830, 46
Node 337, Node 195, 75
Node 686, Node 933, 84
Node 980, Node 142, 11
Node 269, Node 299, 79
Node 157, Node 46, 63
Node 235, Node 802, 26
Node 840, Node 624, 91
Node 794, Node 404, 65
Node 102, Node 399, 69
Node 476, Node 858, 97
Node 78, Node 838, 7
Node 872, Node 715, 18
Node 548, Node 6, 66
Node 890, Node 132, 8
Node 254, Node 779, 43
Node 783, Node 64, 55
Node 600, Node 838, 7
Node 930, Node 944, 72
Node 25, Node 167, 1
Node 296, Node 125, 58
Node 656, Node 872, 80
Node 581, Node 882, 41
Node 82, Node 275, 71
Node 800, Node 353, 31
Node 150, Node 68, 37
Node 565, Node 650, 17
Node 171, Node 485, 34
Node 438, Node 350, 18
Node 463, Node 33, 63
Node 176, Node 64, 27
Node 257, Node 193, 44
Node 528, Node 886, 73
Node 208, Node 531, 13
Node 619, Node 809, 46
Node 854, Node 9, 65
Node 409, Node 725, 55
Node 22, Node 587, 49
Node 552, Node 61, 50
Node 73, Node 109, 57
Node 227, Node 607, 87
Node 830, Node 531, 23
Node 752, Node 665, 67
Node 947, Node 660, 85
Node 625, Node 715, 80
Node 666, Node 388, 14
Node 837, Node 264, 36
Node 891, Node 36, 3
Node 866, Node 828, 74
Node 740, Node 301, 1
Node 463, Node 733, 14
Node 427, Node 537, 33
Node 206, Node 91, 87
Node 659, Node 612, 13
Node 469, Node 908, 21
Node 924, Node 806, 7
Node 489, Node 257, 73
Node 812, Node 19, 40
Node 502, Node 846, 39